orientation,case_id,frequency_hz,frequency_over_f0,sigma_re_S_m,sigma_im_S_m,phase_deg,n_components,max_component_voltage_span_V,electrode_mismatch
parallel,disconnected,3.1830988618379066,0.1,0.1987642519680712,0.00034647622617147334,0.09987512924391471,3,1.5252896890785501,0.00012626106059215628
parallel,disconnected,5.660439166124679,0.1778279410038923,0.1988208772426881,0.0006083366179436762,0.17530861167794753,3,1.524272570225942,0.0001304573564529972
parallel,disconnected,10.065842420897406,0.31622776601683794,0.19899079792211632,0.0010402194554914581,0.2995095366731648,3,1.5211791751208459,0.0001422678575015885
parallel,disconnected,17.899880321778202,0.5623413251903491,0.1994510592361254,0.0016498354563811329,0.47393306901027626,3,1.5125169015098068,0.00016994232941043344
parallel,disconnected,31.830988618379063,1.0,0.20041760308888001,0.0021892992963392223,0.6258563061959017,3,1.4932007528426676,0.0002159846311437337
parallel,disconnected,56.60439166124679,1.7782794100389228,0.20168404733046175,0.002166385400218319,0.6154178696390236,3,1.466004572507881,0.00026309597016945804
parallel,disconnected,100.65842420897407,3.1622776601683795,0.2026151937545212,0.0016092503800050567,0.45505627954330424,3,1.4447087567280068,0.0002921368144936918
parallel,disconnected,178.998803217782,5.623413251903491,0.20305075324565783,0.0010100998082293237,0.2850222300466198,3,1.4342888363683823,0.00030461682477998824
parallel,disconnected,318.30988618379064,10.0,0.20321165469622052,0.0005915992360139,0.16680167127862028,3,1.4303433163358596,0.00030913327541902484
parallel,single_edge_0p02,3.1830988618379066,0.1,0.19899376365377236,0.0011280141529771688,0.3247828312219199,3,1.1575751355079156,0.00012714380226910263
parallel,single_edge_0p02,5.660439166124679,0.1778279410038923,0.19944381472050077,0.0017964058232899697,0.5160535505197023,3,1.1798252301447905,0.00013305866892090212
parallel,single_edge_0p02,10.065842420897406,0.31622776601683794,0.2003492629366969,0.0024791793723368126,0.7089582615834706,3,1.2196451009075144,0.00014913029995722
parallel,single_edge_0p02,17.899880321778202,0.5623413251903491,0.20160520358193382,0.002887228251923668,0.8204881735918604,3,1.258297533969749,0.00018474480799565316
parallel,single_edge_0p02,31.830988618379063,1.0,0.2030140068708261,0.0029562693502273507,0.8342763565983394,3,1.2710543665983443,0.0002404686676057085
parallel,single_edge_0p02,56.60439166124679,1.7782794100389228,0.20438847829464046,0.0025534728896338147,0.7157722876511046,3,1.2611864946883034,0.0002947287928854397
parallel,single_edge_0p02,100.65842420897407,3.1622776601683795,0.2053101204063204,0.0017976748865024103,0.5016632968671167,3,1.24817195088468,0.0003271914077020533
parallel,single_edge_0p02,178.998803217782,5.623413251903491,0.20572956846026919,0.0011074002074572872,0.30840848887455097,3,1.2410757522026759,0.00034095634250121273
parallel,single_edge_0p02,318.30988618379064,10.0,0.20588320180681025,0.0006443787233431726,0.1793252697542919,3,1.2382998598284836,0.00034591340686333983
parallel,weak_chain,3.1830988618379066,0.1,0.19972138550673169,0.0006305942212288636,0.1809033484808598,3,1.3883298407678017,7.265147007592246e-05
parallel,weak_chain,5.660439166124679,0.1778279410038923,0.19983631605898297,0.0007670308111726199,0.2199170465391138,3,1.4300910707207772,8.059598339488745e-05
parallel,weak_chain,10.065842420897406,0.31622776601683794,0.20002226951968044,0.001112097953256456,0.3185538426938835,3,1.441635020951433,0.00010926207256476182
parallel,weak_chain,17.899880321778202,0.5623413251903491,0.20047681036192172,0.00166063723061318,0.47459518306027976,3,1.4383957550857565,0.00016448008705427158
parallel,weak_chain,31.830988618379063,1.0,0.20141847944767655,0.0021590774080267714,0.6141506263638562,3,1.4221772213328923,0.00024113831391203784
parallel,weak_chain,56.60439166124679,1.7782794100389228,0.20264910349077236,0.0021219096569934552,0.5999139541429847,3,1.397525149854915,0.0003122428664161156
parallel,weak_chain,100.65842420897407,3.1622776601683795,0.20355316723468514,0.0015725482206495073,0.4426292399122348,3,1.3779068274681745,0.0003542479977649278
parallel,weak_chain,178.998803217782,5.623413251903491,0.2039758488877107,0.0009862469494755642,0.2770295979841633,3,1.3682649912590206,0.0003719602788346731
parallel,weak_chain,318.30988618379064,10.0,0.20413194002169782,0.0005774600156457497,0.16208112005779454,3,1.3646110087693022,0.0003782902873752773
parallel,transition_chain,3.1830988618379066,0.1,0.20009407951372887,0.003130189428627802,0.8962384889437212,3,0.4289869745361635,0.0002534948206294182
parallel,transition_chain,5.660439166124679,0.1778279410038923,0.20184429684973496,0.004140926042654122,1.1752836799696778,3,0.6469944104298295,0.00035620676957272697
parallel,transition_chain,10.065842420897406,0.31622776601683794,0.20404137813293344,0.004282822453471955,1.202460134409582,3,0.8368258963274257,0.00045745214861822164
parallel,transition_chain,17.899880321778202,0.5623413251903491,0.20580797175261378,0.003792433104382622,1.0556725283033042,3,0.9406406049325906,0.0005424275499715346
parallel,transition_chain,31.830988618379063,1.0,0.2072010794678478,0.0032648668892965534,0.9027347477540227,3,0.9754822227128892,0.0006292166028577694
parallel,transition_chain,56.60439166124679,1.7782794100389228,0.20842440218717834,0.002594596646678186,0.7132166741795902,3,0.9770204927626108,0.0007105112136848028
parallel,transition_chain,100.65842420897407,3.1622776601683795,0.20922646396372302,0.0017671224449301022,0.48390747830091324,3,0.9707461173836563,0.0007606701923410775
parallel,transition_chain,178.998803217782,5.623413251903491,0.20958876829551187,0.0010756188469850968,0.2940418981072259,3,0.9667336687615924,0.0007822391269344456
parallel,transition_chain,318.30988618379064,10.0,0.20972101877017268,0.0006232786306176185,0.17027921219329534,3,0.965114115402084,0.0007899712447162855
parallel,strong_chain,3.1830988618379066,0.1,0.19941007628031215,0.003629735896988423,1.0428037921067075,3,0.04652980428980383,0.0003015049739497354
parallel,strong_chain,5.660439166124679,0.1778279410038923,0.20071514213464842,0.006016148643481874,1.7168448295136325,3,0.0797302710301205,0.0004846847849629771
parallel,strong_chain,10.065842420897406,0.31622776601683794,0.2038627421175707,0.008827002108500574,2.479287090013519,3,0.12806774365268594,0.0007551988231899391
parallel,strong_chain,17.899880321778202,0.5623413251903491,0.209118753454048,0.01022203343076205,2.798474826963016,3,0.18117636561805078,0.0010498065180357759
parallel,strong_chain,31.830988618379063,1.0,0.21432859288185951,0.008886102645250473,2.37413378011998,3,0.21927780048344866,0.0012717140084435516
parallel,strong_chain,56.60439166124679,1.7782794100389228,0.21755958465746153,0.0062176111683810206,1.6370041301445117,3,0.23701400577714649,0.0013965574157585108
parallel,strong_chain,100.65842420897407,3.1622776601683795,0.21902365514318606,0.0038402954284508183,1.004504175028255,3,0.24307630859628007,0.0014527143723918334
parallel,strong_chain,178.998803217782,5.623413251903491,0.21956961635125366,0.0022369001256436613,0.5836896050894815,3,0.24491396526637038,0.0014738312794149674
parallel,strong_chain,318.30988618379064,10.0,0.21975428129826444,0.0012745751601995437,0.33231188057639455,3,0.24547603638489884,0.001481053766811519
parallel,bottleneck_chain,3.1830988618379066,0.1,0.19986012641688874,0.00156857246070966,0.4496681667134095,3,0.9806838237028859,8.162056806211295e-05
parallel,bottleneck_chain,5.660439166124679,0.1778279410038923,0.2002869504810913,0.002214669304970991,0.6335212188949899,3,1.0405901740147805,8.841495365914868e-05
parallel,bottleneck_chain,10.065842420897406,0.31622776601683794,0.2011447608980046,0.0032568249927983767,0.9276205936949878,3,1.0573243831098833,0.0001225750056731499
parallel,bottleneck_chain,17.899880321778202,0.5623413251903491,0.20287696696249008,0.0043148205518970025,1.2183923352179715,3,1.052444736387077,0.000193448065710725
parallel,bottleneck_chain,31.830988618379063,1.0,0.20529619557703602,0.0045540374725018245,1.270770460386244,3,1.034812138240175,0.00029450223176627916
parallel,bottleneck_chain,56.60439166124679,1.7782794100389228,0.20742893487944047,0.003733613337466737,1.0311829886411037,3,1.0132372661240623,0.0003856051473211913
parallel,bottleneck_chain,100.65842420897407,3.1622776601683795,0.2086642227074269,0.0025149014610759348,0.6905173362065257,3,0.9975898857231653,0.0004371190413695879
parallel,bottleneck_chain,178.998803217782,5.623413251903491,0.2091860119628403,0.0015187572919175421,0.4159783590952848,3,0.990085051202902,0.00045827353641952683
parallel,bottleneck_chain,318.30988618379064,10.0,0.20937175706982059,0.0008770110596632057,0.23999769178191147,3,0.9872513826437684,0.00046575448235722206
parallel,ideal_pair_plus_isolated,3.1830988618379066,0.1,0.19887895118247034,0.0011784125694463666,0.3394893034592572,2,1.1426213305576267,0.00012762251954080093
parallel,ideal_pair_plus_isolated,5.660439166124679,0.1778279410038923,0.1991697723123892,0.002030805671304113,0.5841878539828339,2,1.1391109907361072,0.00013458483138706646
parallel,ideal_pair_plus_isolated,10.065842420897406,0.31622776601683794,0.1999754888402217,0.0032947512645498086,0.9439069997222952,2,1.1293203582669888,0.000153875488149972
parallel,ideal_pair_plus_isolated,17.899880321778202,0.5623413251903491,0.20177410340111512,0.004627577977805401,1.313816841046855,2,1.107023281131152,0.00019765218022350562
parallel,ideal_pair_plus_isolated,31.830988618379063,1.0,0.20447805802063707,0.005080258968230725,1.4232213038326467,2,1.0716814975024447,0.00026652456221645554
parallel,ideal_pair_plus_isolated,56.60439166124679,1.7782794100389228,0.20695371967643988,0.00423237908351778,1.171583968113607,2,1.0359459515308351,0.00033184126976223255
parallel,ideal_pair_plus_isolated,100.65842420897407,3.1622776601683795,0.20838976461725667,0.0028599305719389824,0.7862750136119809,2,1.0127496302026215,0.0003695379661912293
parallel,ideal_pair_plus_isolated,178.998803217782,5.623413251903491,0.20899278364274082,0.0017276957532815712,0.47364037333597997,2,1.0021749175314594,0.00038517525357696013
parallel,ideal_pair_plus_isolated,318.30988618379064,10.0,0.209206755286167,0.0009975693607623278,0.27320380204798705,2,0.9982560688972127,0.00039075841071842656
parallel,ideal_cluster,3.1830988618379066,0.1,0.19931366248015586,0.00366484301872991,1.0533968191338139,1,0.0,0.0003061879648598144
parallel,ideal_cluster,5.660439166124679,0.1778279410038923,0.20046522433028324,0.006189860184880136,1.7685871408136857,1,0.0,0.0004979209523945927
parallel,ideal_cluster,10.065842420897406,0.31622776601683794,0.203437675761596,0.009511171856201714,2.6767582630186024,1,0.0,0.0007951772726139737
parallel,ideal_cluster,17.899880321778202,0.5623413251903491,0.209092119505625,0.011908119258939247,3.259562103246365,1,0.0,0.00114811560232844
parallel,ideal_cluster,31.830988618379063,1.0,0.21563757524278288,0.011122880755964426,2.9527776888924753,1,0.0,0.001435682436640182
parallel,ideal_cluster,56.60439166124679,1.7782794100389228,0.22009741244765568,0.008040697524266248,2.0922247066863426,1,0.0,0.0015983259697179564
parallel,ideal_cluster,100.65842420897407,3.1622776601683795,0.22214957355506953,0.00500548038017601,1.2907716914749219,1,0.0,0.0016683805670155215
parallel,ideal_cluster,178.998803217782,5.623413251903491,0.22290676948264992,0.002919139144747921,0.7502903246347946,1,0.0,0.0016938318754061879
parallel,ideal_cluster,318.30988618379064,10.0,0.22316078697081315,0.0016633212241773817,0.4270442073556263,1,0.0,0.0017023993407396503
transverse,disconnected,3.1830988618379066,0.1,0.19870052446345593,0.0003944664115445116,0.11374519977076934,3,5.4318321021497603e-05,0.00010467306113806194
transverse,disconnected,5.660439166124679,0.1778279410038923,0.19878200030953203,0.0006871915386458002,0.19807134435064852,3,5.47434780922203e-05,0.00010775450595138392
transverse,disconnected,10.065842420897406,0.31622776601683794,0.1990191094269584,0.0011481255432534408,0.3305311656942366,3,5.6474575836102287e-05,0.00011623837192756966
transverse,disconnected,17.899880321778202,0.5623413251903491,0.19961033903742142,0.0017141299601016102,0.49200857364591866,3,6.335329008756493e-05,0.0001349850224412537
transverse,disconnected,31.830988618379063,1.0,0.20065145657079358,0.002023200198705222,0.5777027795220596,3,8.000087512757394e-05,0.0001625549566501697
transverse,disconnected,56.60439166124679,1.7782794100389228,0.2017109537483986,0.0017455768176666236,0.49581684118971747,3,9.598566648877436e-05,0.00018623078874803331
transverse,disconnected,100.65842420897407,3.1622776601683795,0.20233047313865474,0.0011828210213792865,0.3349464832256666,3,0.0001005764328718086,0.00019873223713030386
transverse,disconnected,178.998803217782,5.623413251903491,0.2025836256564006,0.0007124302597288793,0.20149248821959914,3,0.00010068352637840444,0.00020364444802649305
transverse,disconnected,318.30988618379064,10.0,0.20267192978253978,0.0004110027566244177,0.1161911818132115,3,0.00010155012385815706,0.00020536291596933936
transverse,single_edge_0p02,3.1830988618379066,0.1,0.19870052445302655,0.00039446636054750125,0.11374518507168555,3,4.007367650648058e-05,0.00010467306631336121
transverse,single_edge_0p02,5.660439166124679,0.1778279410038923,0.19878200028225912,0.0006871914575914148,0.19807132101545344,3,4.129742126014576e-05,0.00010775452689258838
transverse,single_edge_0p02,10.065842420897406,0.31622776601683794,0.19901910937195513,0.0011481254266959657,0.3305311322308708,3,4.4116829392458374e-05,0.00011623845837509124
transverse,single_edge_0p02,17.899880321778202,0.5623413251903491,0.19961033894786334,0.0017141297870534157,0.49200852419888624,3,5.04168040820931e-05,0.00013498529707277576
transverse,single_edge_0p02,31.830988618379063,1.0,0.2006514563793525,0.0020231999376853094,0.5777027055468654,3,6.28309257862072e-05,0.00016255549687542589
transverse,single_edge_0p02,56.60439166124679,1.7782794100389228,0.20171095337879003,0.0017455765633013912,0.49581676985143025,3,7.437094890304644e-05,0.00018623145961477278
transverse,single_edge_0p02,100.65842420897407,3.1622776601683795,0.2023304726678834,0.001182820864809819,0.33494643966928384,3,7.750516298141016e-05,0.0001987329136604176
transverse,single_edge_0p02,178.998803217782,5.623413251903491,0.20258362515748682,0.0007124301822401316,0.20149246680031246,3,7.754692575655122e-05,0.00020364511471563978
transverse,single_edge_0p02,318.30988618379064,10.0,0.20267192928007471,0.0004110027339462246,0.11619117569012598,3,7.870129131467944e-05,0.0002053635723891383
transverse,weak_chain,3.1830988618379066,0.1,0.19870052434417224,0.00039446637042154657,0.11374518798119232,3,4.927144002096157e-05,0.00010467331725398909
transverse,weak_chain,5.660439166124679,0.1778279410038923,0.19878200018236503,0.000687191506941183,0.19807133533911273,3,5.117414905487083e-05,0.00010775474797340867
transverse,weak_chain,10.065842420897406,0.31622776601683794,0.19901910929290006,0.0011481255126312355,0.33053115710131675,3,5.332366106281622e-05,0.00011623855476165439
transverse,weak_chain,17.899880321778202,0.5623413251903491,0.19961033889019977,0.001714129926805048,0.49200856445210106,3,6.002729265980846e-05,0.0001349850952358975
transverse,weak_chain,31.830988618379063,1.0,0.20065145640407417,0.0020232001715876254,0.5777027722594253,3,7.592313669941059e-05,0.00016255491288825783
transverse,weak_chain,56.60439166124679,1.7782794100389228,0.20171095357454333,0.0017455768085333214,0.49581683902293167,3,9.11879204920381e-05,0.00018623067246104777
transverse,weak_chain,100.65842420897407,3.1622776601683795,0.20233047297300327,0.001182821020330447,0.33494648320288745,3,9.560692148009282e-05,0.00019873208589244842
transverse,weak_chain,178.998803217782,5.623413251903491,0.20258362549653405,0.0007124302528210419,0.20149248642491613,3,9.573428464549076e-05,0.00020364427619485825
transverse,weak_chain,318.30988618379064,10.0,0.20267192961959613,0.00041100273962164674,0.11619117709992711,3,9.656785731579587e-05,0.00020536271296420447
transverse,transition_chain,3.1830988618379066,0.1,0.19870052431064514,0.00039446604779610936,0.11374509497092172,3,1.5203983854994522e-05,0.00010467316776971945
transverse,transition_chain,5.660439166124679,0.1778279410038923,0.19878199996379775,0.0006871910512146666,0.19807120420247865,3,2.298505133409295e-05,0.00010775467665057076
transverse,transition_chain,10.065842420897406,0.31622776601683794,0.19901910883706667,0.001148125006502996,0.3305310121535109,3,3.0511255009774558e-05,0.00011623837090331976
transverse,transition_chain,17.899880321778202,0.5623413251903491,0.1996103382011985,0.0017141294186356027,0.492008420297044,3,3.851765438253673e-05,0.00013498439695128032
transverse,transition_chain,31.830988618379063,1.0,0.200651455456911,0.0020231997345428483,0.5777026502013333,3,5.102036872273034e-05,0.00016255360980921404
transverse,transition_chain,56.60439166124679,1.7782794100389228,0.2017109524731842,0.0017455765641584981,0.49581677232079086,3,6.246563633335384e-05,0.00018622906315417953
transverse,transition_chain,100.65842420897407,3.1622776601683795,0.20233047188029724,0.0011828209136346968,0.3349464547987746,3,6.602713758480406e-05,0.0001987303837622587
transverse,transition_chain,178.998803217782,5.623413251903491,0.20258362443271935,0.0007124301675121879,0.20149246335578627,3,6.632182366648614e-05,0.00020364251611685983
transverse,transition_chain,318.30988618379064,10.0,0.20267192854174232,0.00041100263018528107,0.11619114678009261,3,6.697233013915935e-05,0.00020536081918697772
transverse,strong_chain,3.1830988618379066,0.1,0.1987005244013579,0.0003944659870078843,0.11374507739063035,3,1.6531130575745155e-06,0.00010467290017260854
transverse,strong_chain,5.660439166124679,0.1778279410038923,0.19878200012792147,0.00068719082213165,0.19807113801016216,3,2.8436225911258065e-06,0.00010775401928172005
transverse,strong_chain,10.065842420897406,0.31622776601683794,0.19901910895450414,0.0011481244220708684,0.3305308437114151,3,4.670867886581625e-06,0.00011623701928424874
transverse,strong_chain,17.899880321778202,0.5623413251903491,0.19961033798700886,0.001714128394183965,0.49200812678995587,3,7.330065983634896e-06,0.00013498192744152728
transverse,strong_chain,31.830988618379063,1.0,0.20065145454023556,0.0020231984267535504,0.5777022794407023,3,1.1185636112053204e-05,0.00016254981981875306
transverse,strong_chain,56.60439166124679,1.7782794100389228,0.20171095080259843,0.001745575507142714,0.4958164762052609,3,1.468319682285762e-05,0.00018622457991827876
transverse,strong_chain,100.65842420897407,3.1622776601683795,0.2023304699197832,0.0011828203036450802,0.3349462853137537,3,1.5987661380292632e-05,0.00019872583921810372
transverse,strong_chain,178.998803217782,5.623413251903491,0.2025836224237327,0.0007124297925569121,0.20149235930839815,3,1.6238852779746842e-05,0.0002036379945421536
transverse,strong_chain,318.30988618379064,10.0,0.20267192648919768,0.0004110023453576686,0.116191067435773,3,1.6460903973370437e-05,0.00020535617674221756
transverse,bottleneck_chain,3.1830988618379066,0.1,0.19870052431873608,0.0003944662907304373,0.11374516501671843,3,3.384628628915886e-05,0.00010467345899849797
transverse,bottleneck_chain,5.660439166124679,0.1778279410038923,0.19878200013955966,0.0006871913984251496,0.19807130410410165,3,3.633100563569832e-05,0.00010775495373341619
transverse,bottleneck_chain,10.065842420897406,0.31622776601683794,0.19901910923523713,0.0011481253493320956,0.3305311101863184,3,3.837093123015827e-05,0.00011623884665576975
transverse,bottleneck_chain,17.899880321778202,0.5623413251903491,0.19961033881087856,0.0017141296444056833,0.4920084835941959,3,4.251643703690469e-05,0.00013498558288543708
transverse,bottleneck_chain,31.830988618379063,1.0,0.20065145617141167,0.0020231996625533722,0.577702627589911,3,4.956107372434161e-05,0.0001625557300274615
transverse,bottleneck_chain,56.60439166124679,1.7782794100389228,0.2017109529553308,0.0017455762297597455,0.49581667615721314,3,5.3911273110592484e-05,0.00018623166275934794
transverse,bottleneck_chain,100.65842420897407,3.1622776601683795,0.20233047208033467,0.0011828206272415703,0.33494637336982924,3,5.3240549506466404e-05,0.00019873304719066482
transverse,bottleneck_chain,178.998803217782,5.623413251903491,0.20258362451096276,0.0007124300427550649,0.2014924279939274,3,5.2155703782494066e-05,0.00020364519803827544
transverse,bottleneck_chain,318.30988618379064,10.0,0.20267192861318678,0.0004110026603088697,0.11619115525510054,3,5.317864710683853e-05,0.00020536361121508104
transverse,ideal_pair_plus_isolated,3.1830988618379066,0.1,0.19870052446059455,0.0003944663579291774,0.11374518431235622,2,3.9555509612341384e-05,0.00010467308862459556
transverse,ideal_pair_plus_isolated,5.660439166124679,0.1778279410038923,0.19878200030177,0.0006871914454966527,0.19807131750992948,2,3.992539346140587e-05,0.00010775458978827518
transverse,ideal_pair_plus_isolated,10.065842420897406,0.31622776601683794,0.19901910941104498,0.0011481253835865365,0.3305311197555549,2,4.121548688033599e-05,0.00011623861297115445
transverse,ideal_pair_plus_isolated,17.899880321778202,0.5623413251903491,0.199610339008609,0.0017141296655320763,0.4920084891704784,2,4.516019507744405e-05,0.00013498563357751492
transverse,ideal_pair_plus_isolated,31.830988618379063,1.0,0.20065145639040532,0.0020231996343650725,0.577702618911125,2,5.1637222138045894e-05,0.00016255614098611946
transverse,ideal_pair_plus_isolated,56.60439166124679,1.7782794100389228,0.20171095312592768,0.0017455761396895926,0.49581665015548315,2,5.4107388228773574e-05,0.00018623231407586396
transverse,ideal_pair_plus_isolated,100.65842420897407,3.1622776601683795,0.20233047217804417,0.0011828205445916246,0.3349463498041355,2,5.163271651274281e-05,0.00019873377546223098
transverse,ideal_pair_plus_isolated,178.998803217782,5.623413251903491,0.2025836245736949,0.0007124299996585842,0.20149241574290827,2,4.972061297825993e-05,0.0002036459491723039
transverse,ideal_pair_plus_isolated,318.30988618379064,10.0,0.2026719286702521,0.00041100265433766667,0.11619115353432057,2,5.0656729623322396e-05,0.00020536438688123729
transverse,ideal_cluster,3.1830988618379066,0.1,0.19870052441399083,0.0003944659829653224,0.11374507621772074,1,0.0,0.00010467286629293051
transverse,ideal_cluster,5.660439166124679,0.1778279410038923,0.19878200016181252,0.0006871908021171393,0.19807113220759412,1,0.0,0.00010775391831331155
transverse,ideal_cluster,10.065842420897406,0.31622776601683794,0.19901910902247355,0.0011481243413238025,0.3305308203529666,1,0.0,0.00011623674640132192
transverse,ideal_cluster,17.899880321778202,0.5623413251903491,0.19961033805072786,0.0017141281628956046,0.4920080602492216,1,0.0,0.00013498130243305524
transverse,ideal_cluster,31.830988618379063,1.0,0.20065145443543592,0.002023197994361464,0.5777021562859298,1,0.0,0.0001625486775391666
transverse,ideal_cluster,56.60439166124679,1.7782794100389228,0.2017109503799206,0.001745575054394093,0.4958163486510433,1,0.0,0.0001862230393971732
transverse,ideal_cluster,100.65842420897407,3.1622776601683795,0.20233046930913706,0.0011828200026501908,0.334946201092042,1,0.0,0.00019872418678936406
transverse,ideal_cluster,178.998803217782,5.623413251903491,0.20258362175648656,0.000712429607114587,0.20149230752490654,1,0.0,0.00020363632922266436
transverse,ideal_cluster,318.30988618379064,10.0,0.20267192579515936,0.00041100221960950375,0.11619103228453714,1,0.0,0.00020535447494811825
