network,hidden_one_direction,hidden_two_directions
0,2,1
1,2,0
2,3,2
3,5,2
4,1,1
5,1,1
6,2,0
7,2,2
8,2,0
9,3,0
10,1,0
11,2,1
12,4,1
13,1,1
14,1,1
15,4,3
16,5,1
17,2,0
18,0,0
19,1,0
20,1,0
21,3,0
22,2,0
23,2,0
24,2,1
25,3,3
26,2,0
27,2,1
28,2,0
29,5,2
30,5,0
31,4,1
32,5,0
33,5,3
34,1,1
35,0,0
36,4,0
37,2,1
38,4,2
39,0,0
40,2,1
41,1,0
42,3,0
43,3,0
44,2,1
45,2,0
46,4,2
47,5,2
48,2,0
49,4,2
50,3,1
51,3,1
52,1,0
53,3,1
54,2,0
55,3,2
56,3,3
57,2,2
58,3,1
59,8,2
60,1,1
61,5,2
62,2,1
63,1,0
64,4,0
65,2,1
66,1,0
67,3,1
68,2,0
69,0,1
70,2,0
71,0,1
72,1,1
73,2,0
74,6,3
75,1,0
76,6,1
77,4,3
78,3,1
79,1,1
80,3,1
81,2,0
82,2,0
83,1,0
84,2,0
85,2,1
86,4,1
87,6,2
88,1,0
89,1,2
90,0,0
91,5,2
92,4,1
93,1,1
94,3,0
95,3,2
96,4,3
97,3,1
98,2,0
99,1,0
100,3,0
101,2,2
102,1,0
103,3,1
104,5,2
105,1,0
106,3,2
107,2,1
108,1,0
109,3,2
110,2,0
111,2,1
112,4,2
113,2,1
114,2,1
115,2,2
116,2,0
117,5,0
118,1,1
119,3,0
120,2,0
121,6,0
122,4,3
123,1,0
124,2,1
125,3,2
126,4,0
127,2,1
128,5,0
129,1,1
130,2,1
131,1,0
132,2,2
133,2,0
134,5,4
135,1,1
136,2,1
137,3,1
138,8,5
139,3,1
140,4,1
141,1,1
142,5,1
143,1,0
144,2,2
145,3,1
146,4,1
147,0,0
148,1,0
149,2,0
150,2,2
151,4,1
152,2,0
153,3,0
154,5,1
155,2,1
156,3,0
157,2,0
158,6,2
159,3,0
160,0,0
161,5,1
162,2,0
163,1,0
164,2,1
165,2,0
166,2,0
167,4,1
168,3,1
169,4,0
170,5,0
171,5,3
172,2,0
173,1,1
174,1,1
175,3,0
176,3,2
177,2,0
178,1,0
179,2,2
180,2,1
181,1,0
182,2,2
183,3,0
184,1,1
185,5,1
186,6,1
187,4,2
188,3,0
189,0,0
190,4,1
191,1,0
192,1,1
193,1,0
194,0,1
195,6,1
196,2,1
197,2,1
198,1,1
199,3,1
200,0,1
201,3,0
202,2,2
203,3,1
204,2,1
205,1,0
206,2,0
207,2,0
208,1,0
209,3,1
210,0,0
211,2,2
212,4,2
213,3,1
214,5,3
215,4,2
216,2,1
217,3,2
218,2,0
219,0,1
220,3,0
221,1,0
222,1,1
223,4,0
224,1,1
225,2,1
226,0,0
227,4,2
228,3,0
229,1,0
230,3,0
231,1,0
232,4,1
233,1,1
234,2,1
235,4,2
236,1,0
237,2,1
238,2,1
239,2,0
240,4,0
241,3,0
242,1,0
243,8,4
244,5,4
245,1,0
246,2,1
247,7,0
248,1,1
249,2,1
250,2,1
251,3,0
252,2,0
253,4,0
254,2,1
255,1,0
256,2,0
257,4,1
258,3,1
259,2,1
260,3,3
261,2,0
262,5,4
263,0,0
264,3,2
265,3,0
266,1,1
267,2,1
268,3,2
269,2,2
270,5,2
271,1,0
272,1,0
273,0,0
274,2,0
275,3,0
276,2,1
277,3,2
278,2,0
279,3,0
280,3,2
281,1,0
282,3,2
283,3,0
284,2,0
285,2,0
286,3,1
287,3,0
288,3,1
289,4,1
290,2,2
291,1,0
292,3,1
293,3,1
294,2,1
295,3,0
296,2,1
297,3,1
298,3,1
299,2,1
300,2,0
301,5,1
302,1,1
303,1,1
304,0,0
305,1,0
306,3,0
307,1,1
308,0,0
309,2,0
310,3,0
311,1,1
312,3,0
313,3,1
314,2,0
315,1,2
316,4,2
317,4,1
318,0,2
319,4,0
320,3,1
321,2,0
322,2,1
323,2,0
324,2,0
325,6,3
326,3,1
327,4,1
328,3,0
329,1,1
330,0,0
331,2,3
332,1,1
333,6,2
334,5,2
335,4,1
336,0,0
337,4,1
338,2,1
339,1,0
340,2,0
341,2,1
342,4,1
343,2,1
344,5,2
345,2,0
346,4,1
347,2,0
348,3,2
349,2,1
350,4,1
351,3,2
352,7,1
353,3,2
354,3,2
355,1,0
356,3,1
357,5,2
358,3,3
359,6,2
360,2,1
361,6,1
362,3,0
363,2,0
364,4,3
365,1,0
366,3,1
367,0,0
368,2,1
369,1,0
370,3,2
371,2,1
372,4,3
373,2,2
374,2,0
375,2,1
376,3,0
377,2,1
378,3,1
379,7,2
380,1,0
381,1,1
382,2,0
383,4,0
384,2,0
385,5,1
386,2,0
387,2,0
388,3,0
389,3,0
390,4,2
391,1,0
392,3,1
393,3,2
394,3,3
395,2,1
396,0,1
397,2,0
398,3,3
399,2,1
400,1,0
401,1,0
402,4,1
403,1,1
404,3,0
405,0,0
406,1,1
407,2,1
408,1,0
409,4,1
410,1,0
411,1,0
412,4,1
413,3,1
414,1,1
415,3,1
416,4,2
417,1,1
418,1,1
419,2,1
420,3,1
421,3,0
422,1,0
423,2,0
424,5,4
425,2,1
426,4,2
427,5,1
428,2,1
429,3,1
430,3,1
431,3,0
432,5,2
433,2,0
434,2,0
435,5,2
436,2,0
437,2,0
438,0,1
439,3,1
440,4,0
441,1,0
442,0,0
443,2,1
444,1,0
445,0,0
446,3,0
447,4,1
448,1,0
449,2,1
450,1,0
451,5,1
452,1,0
453,3,1
454,1,1
455,2,2
456,1,1
457,0,0
458,2,1
459,4,0
460,3,2
461,1,0
462,2,5
463,2,1
464,2,1
465,0,0
466,3,1
467,0,0
468,3,1
469,1,0
470,2,2
471,4,2
472,3,1
473,4,0
474,3,0
475,1,0
476,3,3
477,2,0
478,2,2
479,1,1
480,3,1
481,4,1
482,3,0
483,2,0
484,3,1
485,2,3
486,2,0
487,2,2
488,2,0
489,4,0
490,1,0
491,3,1
492,4,3
493,4,0
494,2,2
495,3,1
496,3,2
497,2,1
498,2,1
499,3,3
500,1,1
501,3,0
502,3,1
503,2,1
504,2,2
505,3,0
506,2,1
507,1,0
508,2,0
509,3,0
510,2,1
511,3,1
512,3,2
513,0,0
514,1,0
515,1,0
516,1,0
517,3,1
518,4,0
519,2,3
520,3,0
521,3,0
522,1,0
523,1,0
524,5,1
525,2,3
526,2,1
527,0,0
528,3,2
529,2,1
530,2,1
531,4,1
532,3,0
533,2,1
534,4,0
535,4,1
536,2,0
537,0,1
538,2,0
539,4,1
540,3,1
541,1,0
542,3,1
543,1,1
544,3,1
545,0,0
546,1,0
547,1,1
548,1,0
549,1,0
550,3,2
551,2,1
552,2,1
553,4,0
554,1,1
555,2,0
556,2,1
557,1,1
558,2,0
559,5,2
560,2,1
561,3,0
562,2,0
563,2,0
564,2,1
565,3,0
566,2,0
567,1,0
568,4,0
569,4,2
570,2,0
571,1,0
572,4,0
573,4,0
574,3,1
575,4,0
576,3,0
577,1,1
578,2,2
579,3,0
580,1,1
581,2,1
582,2,1
583,2,0
584,0,0
585,3,2
586,3,2
587,1,1
588,2,0
589,2,0
590,0,1
591,0,0
592,3,2
593,1,0
594,0,0
595,1,1
596,1,1
597,1,1
598,3,2
599,3,0
600,3,2
601,1,0
602,1,0
603,1,1
604,5,1
605,3,2
606,1,1
607,2,2
608,2,1
609,5,1
610,3,0
611,3,0
612,1,1
613,1,1
614,1,0
615,4,4
616,2,1
617,1,1
618,1,1
619,3,0
620,3,1
621,5,1
622,5,3
623,6,0
624,1,1
625,3,1
626,6,3
627,0,0
628,2,0
629,2,0
630,1,1
631,6,1
632,2,0
633,0,0
634,1,0
635,1,0
636,4,1
637,4,0
638,4,2
639,4,2
640,2,0
641,6,2
642,2,1
643,3,1
644,3,2
645,1,0
646,2,1
647,4,2
648,4,1
649,1,0
650,2,0
651,5,3
652,1,0
653,5,2
654,1,0
655,7,2
656,2,0
657,2,1
658,3,1
659,3,0
660,3,1
661,3,0
662,2,1
663,0,0
664,5,1
665,1,1
666,3,1
667,3,0
668,4,1
669,2,0
670,5,2
671,2,1
672,3,1
673,5,1
674,2,1
675,2,1
676,1,1
677,3,2
678,2,1
679,3,0
680,2,0
681,3,2
682,5,2
683,2,1
684,5,4
685,0,0
686,2,0
687,2,1
688,2,1
689,1,0
690,7,4
691,4,2
692,4,2
693,1,1
694,2,1
695,2,1
696,1,1
697,6,3
698,3,2
699,1,0
700,0,1
701,2,0
702,2,1
703,7,2
704,4,3
705,1,1
706,4,2
707,2,1
708,3,3
709,4,2
710,2,2
711,1,0
712,1,0
713,3,1
714,2,0
715,2,1
716,4,2
717,5,0
718,0,0
719,3,1
720,4,0
721,6,3
722,1,1
723,1,0
724,4,1
725,2,1
726,3,1
727,1,1
728,3,3
729,5,2
730,7,1
731,1,0
732,5,0
733,5,1
734,3,1
735,1,1
736,0,0
737,4,2
738,0,0
739,3,1
740,1,2
741,2,0
742,5,1
743,6,2
744,2,1
745,1,0
746,4,3
747,2,0
748,2,1
749,2,1
750,1,1
751,2,0
752,1,0
753,2,0
754,4,1
755,1,0
756,1,0
757,0,0
758,4,0
759,2,1
760,1,0
761,3,0
762,0,0
763,1,0
764,1,0
765,2,0
766,1,1
767,2,1
768,1,0
769,6,3
770,3,2
771,1,0
772,2,0
773,2,1
774,2,1
775,2,1
776,4,0
777,4,2
778,2,0
779,4,1
780,1,0
781,5,0
782,2,0
783,2,1
784,6,2
785,1,0
786,3,1
787,2,0
788,1,1
789,3,1
790,4,1
791,4,0
792,0,1
793,3,0
794,3,1
795,2,1
796,0,0
797,6,2
798,1,0
799,1,1
800,6,2
801,5,3
802,1,2
803,2,2
804,2,1
805,2,1
806,2,0
807,2,0
808,4,1
809,0,0
810,4,1
811,2,1
812,1,1
813,2,1
814,1,0
815,0,0
816,2,0
817,2,0
818,4,2
819,4,2
820,2,1
821,0,0
822,1,0
823,4,6
824,2,1
825,4,0
826,2,0
827,2,1
828,3,1
829,0,0
830,3,1
831,6,3
832,1,0
833,1,0
834,1,0
835,3,0
836,3,0
837,1,0
838,3,1
839,5,3
840,2,0
841,2,1
842,1,1
843,1,0
844,1,0
845,6,1
846,3,2
847,5,0
848,2,1
849,2,1
850,2,2
851,3,0
852,2,0
853,1,0
854,2,1
855,2,0
856,4,1
857,2,0
858,3,0
859,3,1
860,1,0
861,3,1
862,3,2
863,0,1
864,3,0
865,1,0
866,5,4
867,3,2
868,1,0
869,1,0
870,1,0
871,2,0
872,3,1
873,3,0
874,2,1
875,2,0
876,4,1
877,3,0
878,5,0
879,4,1
880,5,2
881,2,1
882,3,3
883,1,2
884,1,0
885,1,0
886,4,1
887,2,0
888,5,3
889,1,1
890,0,0
891,2,1
892,3,1
893,4,1
894,2,1
895,2,1
896,3,2
897,2,1
898,4,3
899,4,1
900,1,0
901,2,0
902,1,0
903,2,1
904,1,0
905,1,0
906,1,0
907,2,0
908,1,0
909,1,1
910,3,0
911,3,1
912,3,0
913,4,1
914,3,2
915,3,0
916,2,2
917,1,0
918,1,0
919,1,0
920,4,0
921,1,0
922,1,1
923,3,1
924,1,0
925,2,0
926,3,0
927,4,2
928,1,1
929,0,0
930,4,2
931,1,0
932,3,0
933,3,2
934,2,1
935,0,0
936,1,1
937,3,1
938,2,1
939,1,0
940,2,0
941,8,1
942,6,2
943,1,0
944,2,0
945,2,2
946,2,1
947,5,1
948,3,0
949,3,0
950,4,0
951,3,1
952,3,1
953,4,1
954,3,2
955,2,2
956,2,0
957,2,0
958,2,0
959,4,1
960,4,2
961,0,0
962,1,0
963,3,1
964,1,0
965,3,1
966,4,2
967,1,0
968,5,4
969,1,0
970,4,0
971,4,2
972,3,0
973,2,0
974,1,0
975,2,1
976,2,2
977,2,1
978,2,0
979,4,0
980,1,0
981,4,0
982,3,1
983,4,1
984,2,0
985,0,0
986,3,1
987,1,0
988,0,0
989,5,2
990,1,0
991,0,0
992,2,0
993,2,0
994,6,3
995,4,1
996,1,0
997,3,0
998,3,2
999,0,0
1000,2,1
1001,2,2
1002,2,2
1003,1,0
1004,2,1
1005,0,0
1006,2,2
1007,5,2
1008,1,1
1009,1,1
1010,1,0
1011,0,0
1012,1,1
1013,1,1
1014,3,2
1015,4,2
1016,2,1
1017,4,1
1018,0,0
1019,2,1
1020,2,0
1021,0,0
1022,1,0
1023,3,1
1024,0,0
1025,4,3
1026,2,1
1027,2,0
1028,2,0
1029,0,0
1030,2,0
1031,2,1
1032,1,1
1033,4,1
1034,4,2
1035,3,2
1036,5,0
1037,2,1
1038,1,0
1039,2,0
1040,3,1
1041,4,2
1042,1,0
1043,2,0
1044,3,0
1045,3,2
1046,1,0
1047,1,0
1048,4,1
1049,4,2
1050,2,1
1051,2,0
1052,1,1
1053,3,0
1054,2,2
1055,6,3
1056,5,3
1057,4,3
1058,2,0
1059,6,3
1060,2,0
1061,3,0
1062,3,1
1063,4,1
1064,1,0
1065,3,1
1066,5,1
1067,3,1
1068,1,0
1069,3,0
1070,0,0
1071,2,1
1072,4,0
1073,2,1
1074,3,2
1075,1,0
1076,3,0
1077,7,2
1078,4,2
1079,8,4
1080,3,1
1081,0,1
1082,0,1
1083,3,1
1084,2,0
1085,2,0
1086,6,2
1087,4,0
1088,2,1
1089,2,0
1090,4,1
1091,2,1
1092,2,0
1093,3,1
1094,3,1
1095,3,0
1096,3,2
1097,4,0
1098,0,0
1099,1,0
1100,3,2
1101,2,1
1102,3,1
1103,3,1
1104,2,1
1105,0,0
1106,7,1
1107,3,0
1108,2,1
1109,5,2
1110,1,1
1111,2,2
1112,3,0
1113,3,2
1114,1,0
1115,3,1
1116,3,0
1117,1,0
1118,3,1
1119,2,0
1120,3,0
1121,3,0
1122,1,0
1123,3,1
1124,3,2
1125,1,1
1126,0,1
1127,2,1
1128,0,0
1129,1,1
1130,2,1
1131,3,0
1132,4,1
1133,2,0
1134,3,2
1135,4,4
1136,5,3
1137,2,2
1138,5,2
1139,3,0
1140,1,1
1141,1,2
1142,3,2
1143,1,0
1144,2,2
1145,2,0
1146,4,2
1147,2,0
1148,1,0
1149,6,4
1150,2,0
1151,3,1
1152,3,1
1153,1,1
1154,2,0
1155,0,0
1156,3,0
1157,1,0
1158,3,1
1159,1,1
1160,2,0
1161,4,2
1162,2,1
1163,1,1
1164,2,1
1165,3,0
1166,3,0
1167,4,1
1168,2,1
1169,1,0
1170,2,1
1171,2,2
1172,3,1
1173,3,0
1174,1,0
1175,2,0
1176,8,2
1177,2,0
1178,1,0
1179,3,0
1180,4,0
1181,0,0
1182,1,1
1183,0,0
1184,3,1
1185,2,0
1186,1,1
1187,1,0
1188,4,1
1189,6,0
1190,1,1
1191,4,0
1192,0,0
1193,4,1
1194,5,4
1195,1,0
1196,5,3
1197,4,1
1198,5,0
1199,3,0
1200,1,1
1201,0,0
1202,4,2
1203,4,2
1204,5,1
1205,3,0
1206,5,4
1207,0,0
1208,6,4
1209,4,1
1210,3,0
1211,0,0
1212,1,0
1213,2,0
1214,2,1
1215,2,1
1216,1,0
1217,4,3
1218,1,0
1219,2,1
1220,3,0
1221,2,1
1222,1,0
1223,3,0
1224,3,1
1225,4,0
1226,0,0
1227,2,3
1228,1,1
1229,1,0
1230,2,1
1231,3,0
1232,5,1
1233,4,0
1234,3,1
1235,6,1
1236,4,0
1237,1,0
1238,0,0
1239,1,0
1240,4,1
1241,3,1
1242,2,1
1243,0,0
1244,3,1
1245,3,0
1246,2,1
1247,5,2
1248,3,1
1249,2,0
1250,1,1
1251,2,2
1252,5,2
1253,1,0
1254,3,0
1255,1,1
1256,6,1
1257,3,0
1258,3,0
1259,2,1
1260,5,1
1261,2,1
1262,2,0
1263,3,0
1264,1,1
1265,4,2
1266,4,0
1267,2,0
1268,3,0
1269,1,1
1270,0,0
1271,3,0
1272,2,0
1273,3,1
1274,0,0
1275,3,0
1276,5,3
1277,5,2
1278,1,1
1279,2,0
1280,5,2
1281,1,0
1282,2,0
1283,3,2
1284,1,0
1285,0,0
1286,1,0
1287,0,0
1288,4,1
1289,2,1
1290,2,0
1291,2,1
1292,5,1
1293,4,1
1294,1,2
1295,1,0
1296,1,0
1297,2,1
1298,1,0
1299,2,2
1300,3,3
1301,2,1
1302,4,0
1303,2,2
1304,1,0
1305,4,0
1306,3,0
1307,2,0
1308,2,0
1309,2,0
1310,5,1
1311,0,0
1312,6,1
1313,1,0
1314,2,1
1315,2,1
1316,2,0
1317,4,0
1318,3,2
1319,1,0
1320,1,1
1321,4,3
1322,2,1
1323,5,1
1324,2,0
1325,1,0
1326,1,0
1327,1,0
1328,2,0
1329,2,2
1330,3,0
1331,5,2
1332,2,0
1333,4,2
1334,5,1
1335,4,1
1336,2,2
1337,2,1
1338,3,2
1339,2,0
1340,3,0
1341,1,1
1342,2,0
1343,5,2
1344,3,2
1345,4,1
1346,1,0
1347,2,1
1348,1,1
1349,4,3
1350,5,2
1351,1,1
1352,2,1
1353,4,0
1354,8,0
1355,1,2
1356,3,0
1357,1,1
1358,3,0
1359,5,0
1360,8,4
1361,2,1
1362,3,0
1363,2,1
1364,3,3
1365,3,1
1366,2,0
1367,2,0
1368,3,1
1369,2,1
1370,1,1
1371,2,0
1372,1,1
1373,1,1
1374,3,0
1375,1,0
1376,3,0
1377,3,2
1378,5,3
1379,0,0
1380,2,0
1381,0,0
1382,5,0
1383,2,1
1384,2,2
1385,2,1
1386,0,0
1387,2,0
1388,2,1
1389,3,1
1390,0,0
1391,0,0
1392,1,1
1393,2,0
1394,2,3
1395,1,1
1396,2,1
1397,2,1
1398,5,3
1399,2,1
1400,3,1
1401,3,1
1402,5,3
1403,2,0
1404,2,1
1405,3,0
1406,0,0
1407,5,1
1408,4,0
1409,2,1
1410,2,0
1411,3,2
1412,2,0
1413,4,1
1414,5,3
1415,4,0
1416,5,1
1417,2,0
1418,2,1
1419,2,0
1420,2,0
1421,1,1
1422,3,0
1423,2,0
1424,2,1
1425,2,2
1426,3,0
1427,6,3
1428,5,1
1429,2,1
1430,1,0
1431,3,0
1432,1,0
1433,0,0
1434,1,0
1435,1,0
1436,5,1
1437,2,1
1438,0,0
1439,3,1
1440,3,2
1441,3,1
1442,3,1
1443,1,0
1444,1,1
1445,0,1
1446,1,0
1447,4,1
1448,4,0
1449,3,1
1450,2,0
1451,1,0
1452,0,0
1453,0,0
1454,3,0
1455,7,1
1456,4,1
1457,2,1
1458,2,3
1459,5,2
1460,4,2
1461,1,0
1462,3,1
1463,2,0
1464,2,1
1465,2,1
1466,1,1
1467,4,1
1468,1,0
1469,4,2
1470,0,0
1471,4,1
1472,6,1
1473,3,2
1474,6,2
1475,6,0
1476,1,1
1477,3,0
1478,2,1
1479,2,1
1480,2,2
1481,1,0
1482,2,0
1483,2,0
1484,4,0
1485,3,1
1486,3,3
1487,4,3
1488,2,1
1489,4,1
1490,2,0
1491,2,2
1492,3,1
1493,4,1
1494,1,1
1495,3,1
1496,3,2
1497,1,0
1498,2,0
1499,3,1
1500,3,1
1501,5,1
1502,2,0
1503,3,1
1504,4,1
1505,3,0
1506,3,1
1507,3,1
1508,5,3
1509,1,1
1510,3,2
1511,1,2
1512,2,0
1513,1,1
1514,2,3
1515,1,0
1516,1,1
1517,3,1
1518,3,2
1519,2,0
1520,1,1
1521,2,1
1522,1,1
1523,2,0
1524,3,1
1525,2,0
1526,1,0
1527,1,0
1528,3,3
1529,4,1
1530,4,0
1531,2,1
1532,4,1
1533,3,0
1534,2,2
1535,3,1
1536,5,0
1537,3,2
1538,1,1
1539,2,0
1540,1,2
1541,3,1
1542,1,0
1543,4,1
1544,3,1
1545,4,0
1546,3,2
1547,4,0
1548,1,0
1549,1,0
1550,0,0
1551,3,0
1552,1,0
1553,0,1
1554,3,3
1555,7,3
1556,2,1
1557,0,0
1558,2,2
1559,1,0
1560,3,1
1561,1,0
1562,3,1
1563,4,0
1564,1,1
1565,2,1
1566,1,1
1567,3,1
1568,1,1
1569,2,1
1570,2,0
1571,2,0
1572,4,0
1573,0,0
1574,3,2
1575,3,0
1576,3,0
1577,3,0
1578,1,1
1579,3,0
1580,2,1
1581,2,0
1582,4,1
1583,1,0
1584,2,0
1585,3,1
1586,2,0
1587,2,0
1588,4,0
1589,2,0
1590,2,0
1591,4,0
1592,3,1
1593,2,4
1594,3,2
1595,1,0
1596,3,1
1597,1,1
1598,3,1
1599,3,0
1600,0,0
1601,3,0
1602,2,1
1603,2,0
1604,3,2
1605,0,0
1606,2,0
1607,5,1
1608,0,0
1609,2,1
1610,3,2
1611,3,1
1612,1,1
1613,2,0
1614,4,1
1615,1,0
1616,3,1
1617,4,1
1618,3,2
1619,4,1
1620,7,3
1621,6,1
1622,2,1
1623,3,1
1624,3,1
1625,3,4
1626,0,0
1627,1,1
1628,2,0
1629,3,0
1630,1,0
1631,4,2
1632,2,2
1633,4,0
1634,4,1
1635,5,0
1636,4,1
1637,2,0
1638,5,0
1639,1,1
1640,1,0
1641,1,0
1642,2,1
1643,3,0
1644,3,1
1645,6,0
1646,2,1
1647,2,0
1648,2,2
1649,2,2
1650,3,2
1651,2,0
1652,3,1
1653,0,0
1654,4,2
1655,2,0
1656,1,0
1657,4,0
1658,4,0
1659,2,0
1660,4,0
1661,6,1
1662,6,2
1663,0,1
1664,4,0
1665,1,0
1666,4,1
1667,0,2
1668,3,0
1669,5,0
1670,6,1
1671,1,0
1672,5,1
1673,6,2
1674,1,1
1675,3,0
1676,1,1
1677,2,2
1678,3,0
1679,4,1
1680,1,0
1681,2,0
1682,1,0
1683,3,1
1684,4,4
1685,0,0
1686,7,0
1687,2,1
1688,2,0
1689,4,2
1690,2,2
1691,2,0
1692,4,2
1693,3,0
1694,3,0
1695,2,2
1696,2,1
1697,3,1
1698,2,0
1699,2,0
1700,7,3
1701,4,1
1702,2,0
1703,2,0
1704,4,1
1705,4,2
1706,2,3
1707,3,1
1708,3,1
1709,4,2
1710,5,0
1711,0,1
1712,1,0
1713,2,1
1714,5,1
1715,0,0
1716,2,0
1717,2,0
1718,4,2
1719,1,0
1720,1,0
1721,4,3
1722,0,0
1723,1,0
1724,2,2
1725,5,1
1726,6,1
1727,2,1
1728,3,2
1729,7,1
1730,2,2
1731,2,2
1732,2,1
1733,3,2
1734,5,0
1735,1,0
1736,2,2
1737,2,1
1738,4,0
1739,1,0
1740,3,3
1741,3,0
1742,0,1
1743,2,0
1744,4,0
1745,1,0
1746,1,1
1747,1,0
1748,4,1
1749,2,2
1750,1,1
1751,3,1
1752,2,0
1753,3,0
1754,3,2
1755,0,0
1756,2,0
1757,1,0
1758,1,0
1759,6,2
1760,2,1
1761,1,0
1762,3,1
1763,2,0
1764,5,0
1765,3,1
1766,4,1
1767,3,0
1768,0,0
1769,0,0
1770,3,0
1771,3,3
1772,2,1
1773,1,0
1774,1,2
1775,5,0
1776,2,0
1777,4,2
1778,1,0
1779,3,1
1780,2,1
1781,3,1
1782,3,0
1783,3,0
1784,0,0
1785,4,0
1786,1,1
1787,2,0
1788,1,0
1789,4,1
1790,3,5
1791,3,2
1792,4,0
1793,2,1
1794,8,3
1795,1,0
1796,3,1
1797,2,0
1798,2,1
1799,1,0
1800,1,0
1801,2,0
1802,1,0
1803,2,0
1804,3,1
1805,4,2
1806,3,1
1807,2,0
1808,3,1
1809,1,1
1810,1,2
1811,1,0
1812,4,1
1813,2,0
1814,2,1
1815,4,1
1816,3,1
1817,5,2
1818,6,3
1819,3,0
1820,3,0
1821,4,1
1822,3,3
1823,1,1
1824,2,1
1825,1,0
1826,0,0
1827,2,1
1828,0,0
1829,11,1
1830,3,1
1831,5,2
1832,1,1
1833,2,0
1834,1,0
1835,0,0
1836,5,1
1837,4,2
1838,2,1
1839,1,0
1840,3,1
1841,3,2
1842,3,2
1843,3,1
1844,2,0
1845,3,2
1846,3,2
1847,0,0
1848,2,1
1849,2,1
1850,3,1
1851,1,0
1852,2,0
1853,5,2
1854,2,0
1855,1,2
1856,0,0
1857,4,2
1858,4,1
1859,3,1
1860,8,3
1861,0,0
1862,5,3
1863,2,1
1864,1,0
1865,3,0
1866,3,0
1867,3,1
1868,0,1
1869,2,0
1870,5,1
1871,2,0
1872,1,1
1873,4,3
1874,1,0
1875,1,0
1876,2,1
1877,1,0
1878,1,3
1879,0,0
1880,2,0
1881,3,0
1882,5,0
1883,5,3
1884,3,2
1885,1,1
1886,2,0
1887,0,0
1888,0,0
1889,1,0
1890,6,1
1891,2,0
1892,1,0
1893,1,0
1894,1,0
1895,4,1
1896,2,0
1897,3,1
1898,5,2
1899,3,2
1900,1,0
1901,0,0
1902,2,3
1903,2,1
1904,1,0
1905,6,0
1906,2,1
1907,2,0
1908,8,2
1909,3,2
1910,1,0
1911,3,1
1912,1,0
1913,5,3
1914,2,1
1915,4,1
1916,3,2
1917,2,0
1918,1,0
1919,3,2
1920,2,0
1921,1,1
1922,1,0
1923,1,0
1924,3,1
1925,3,1
1926,2,0
1927,2,1
1928,0,0
1929,1,0
1930,1,1
1931,2,1
1932,2,1
1933,3,3
1934,2,0
1935,2,2
1936,3,1
1937,2,1
1938,2,1
1939,2,1
1940,1,2
1941,3,0
1942,1,0
1943,0,0
1944,2,0
1945,2,0
1946,1,0
1947,5,1
1948,5,2
1949,1,0
1950,1,0
1951,2,2
1952,1,0
1953,2,0
1954,4,1
1955,1,0
1956,5,2
1957,1,0
1958,2,0
1959,4,0
1960,3,0
1961,1,0
1962,2,0
1963,3,1
1964,2,1
1965,1,0
1966,5,1
1967,0,1
1968,2,1
1969,3,0
1970,2,1
1971,3,2
1972,1,1
1973,3,2
1974,1,0
1975,2,2
1976,3,1
1977,0,0
1978,3,0
1979,5,3
1980,3,2
1981,3,1
1982,1,1
1983,3,3
1984,2,0
1985,0,0
1986,0,0
1987,2,0
1988,4,0
1989,2,1
1990,1,1
1991,2,1
1992,5,2
1993,1,1
1994,4,1
1995,3,2
1996,3,0
1997,2,0
1998,4,2
1999,2,0
